name,keywords,description,lacoin,signup,activities,interesting,zoom,password,video
The Global Uplift Project (formerly known as ODFL),"Helping Others, Awareness, Outreach, Teamwork, Community",TGUP is a service club on campus that aims to create a change in third world countries by collecting just $1 from high school students. ,y,https://forms.gle/bFmrBESLdrKtrWst5,"Club members will be involved in various fundraising events, planning of new projects in third world countries, and have the opportunity to go on a service trip abroad!","TGUP has completed over 120 successful and high impact projects in the developing world since its founding. These include classrooms, medical clinics, water systems, science labs, playgrounds and other projects that improve life chances for some of the poorest people in the world. ",https://us04web.zoom.us/j/79426975299?pwd=anhkRjdLd1A4b3ZIT0VPakt1ZGdtQT09,none,none
Best Buddies,"Helping Others, Health/Disabilities, Awareness, Outreach, Community",To facilitate friendships between LAHS students and people with intellectual or developmental disabilities. ,y,https://forms.gle/uzDX6kkJg1JHNxti8,"Last year we had friendship bracelet making, Halloween bingo, a huge thanksgiving potluck, cookie decorating, pumpkin decorating contest, and much more! We had many more fun ideas for meeting such as bullet journal making, board game days, and watching movies/clips about those with disabilities. ",Feeling included helps someone feel safe and welcome. We want to make sure that everyone feels welcomed and know that they have friends nearby. You should Best Buddies to help spread this inclusion throughout the entirety of the school. ,https://us04web.zoom.us/j/75420798103?pwd=TlJNdHhYVDEwVUVFSlhzcjV6V25HQT09,none,none
Women in STEM,"STEM, Diversity, Education, Community, Helping Others",To promote equal representation in STEM by encouraging and supporting a growing community of women in STEM,y,https://tinyurl.com/joiningWiSTEM2020,"Club members may participate in helping lead or participating in projects such as the STEMpower program and the WiSTEM Newsletter. WiSTEM also offers speaker events where students can learn about a specific field in STEM (i.e. possible STEM career paths, etc.). We also encourage students to participate in our mentorship program to offer guidance for students interested in pursuing STEM beyond high school. Everyone will have the opportunity to participate in fun team bonding events and grow more as a student in STEM! <br>","WiSTEM offers an abundance of opportunities for any student. We also offer a safe community for people's voices to be heard and are accepting of all students. We have a variety of ways to engage members, so there will never be a dull moment! <br>",https://zoom.us/j/94103418985?pwd=OWJNOXoyV3h5RE01aDFmN2RoWFFuZz09,none,none
Biomimicry Club,"STEM, Competition, Education, Design, Community",To explore the work of nature and combat global issues through creative designs with interdisciplinary insights into biology and engineering.,y,https://forms.gle/nGAi8AFaq63SpUHm7,"The Biomimicry Club provides an open environment for students to exercise research skills, practice prototype designs, and ultimately compete in the Biomimicry Youth Design Challenge. Prototype design “drills” and guest speakers events are organized to provide students with design-thinking mindsets while broadening their understanding of engineering.",Students interested in either engineering or biology bring different perspectives to the collaborate discussions and generate creative biomimicry ideas; everyone is welcomed!,https://zoom.us/j/96298040260?pwd=MnUwQzJNeUJKSTI2Q3pFVnVURFJ4UT09,none,none
Photography Club,"Art, Design, Creative, Community, Leisure",Dedicated to teaching fellow students photography free of academic obligations. No background in photography needed!,y,https://forms.gle/PWipGd6oGynMrEgB8,"Taking pictures, whether they are using their phone or a camera. Also learning about what makes up the composition of a photo and improving photography skills.","Photography can be a creative outlet with little to no regulations. There is no ""correct"" way to take a photo and in Photo Club you would be given the chance to practice and hone your skills.",https://zoom.us/j/94638244583?pwd=SlZvaUw5dk5FTCtESTVCcCtCQ0kxUT09,none,none
Guitar Club,"Music, Art, Creative, Community, Leisure","We'll learn and play guitar together (as best we can remotely), and we'll collaborate and create songs. This is a place for anybody that just wants to have fun and jam with other people; bassists, keyboardists, drummers, etc. are all welcome too. ",n,https://docs.google.com/forms/d/e/1FAIpQLScRIJfHkfkkxjvbdDznEdIYCAcqEinbUfbHG8DSwrl-BfyLEA/viewform?usp=sf_link,"Recording their parts in songs, editing videos, creating tutorials, choosing songs to play, writing music","A lot of people play instruments like the guitar, bass, or drums but it's hard to find other people to play with — it's not like there's a school-sponsored ""rock music program"" like there are orchestras or wind ensembles. This is just kind of a place to meet other people that like to play similar music. ",https://zoom.us/j/9943531088?pwd=MWhSMURSYlF3bDdVVlcxQXN5RGYxQT09,none,none
Russian Club,"Cultural, Community, Education, Helping Others, Leisure",Spread awareness about the immensely sophisticated culture of Russia.,n,https://lahsrussianclub.wixsite.com/sova,"- Connecting and socializing<br>- Discussing Russian culture<br>- Sampling Russian cuisine<br>- Watching Russian movies and cartoons<br>- Learning ""survival phrases""",We are providing a unique opportunity to experience the gems of the Russian culture,https://us04web.zoom.us/j/75936669821?pwd=SWdrS1pJdUQrc1VYMy9PclFhSFo5dz09,none,none
Buena Vista Youth Scholars (BVYS) ,"Education, Helping Others, Outreach, Awareness, Teamwork","Buena Vista Youth Scholars is a program that  provides tutors, role models, and mentors to the children in the Buena Vista Mobile Home Park in Palo Alto.",y,https://forms.gle/LmTJHMiFxiR7oVq86,"During their time, club members can volunteer to tutor children at Buena Vista in their homework and other concepts learned in school. Most of the children are in grades K-5, although we sometimes have middle schoolers and high schoolers. Tutoring is on a voluntary basis, and volunteers can sign up for certain days and times. ","BVYS gives you the unique opportunity to connect with people in your community who you may otherwise never meet. You will make new friends, learn new things about yourself and others, and become part of an amazing organization and community.",https://zoom.us/j/91892970374?pwd=dHRpVEpIVThYc3pyTzBURjNRRGpodz09,none,none
Mock Trial,"Public Speaking, Competition, Leadership, Creative, Community","The Mock Trial team competes in a simulated courtroom environment coached by real lawyers and presided over by county judges. Each year, we receive a new case from the county and prepare arguments for the prosecution and the defense, with different roles like attorneys, witnesses, clerks, bailiffs, etc. ",y,https://forms.gle/SeoAUU8fKiu4WMxYA,"We have weekly meeting to prepare arguments for cases and practice our roles. Then in January, we compete in the county Mock Trial competition with other teams from around the area. ","Mock Trial helps to build public speaking skills, practice acting, learn how a real courtroom works, and develop a fun community (and we have cool hoodies).",https://zoom.us/j/3388274867?pwd=Sy8yVVpTc2kxd0NRSkNiV0VleHpwUT09,none,none
Data Analysis Club,"Leadership, Coding, Creative, STEM, Helping Others","The Data Analysis Club is committed to making the school a better place through the power of Math, CS and critical thinking. We tutor, give lectures, and run year-long projects for LAHS students!",y,https://docs.google.com/forms/d/1Q9sddycAUH7xO_-W-ANKn9Sw2P0Lx6XWuerhFVCKOQk/edit,"Every meeting, we'll give engaging lectures for 10-15 minutes on how to apply data to cutting edge science such as economics, the brain, and computing.<br><br>Then, we'll split off into teams and giving personal help to people excited about making data-related projects.",This club is great for beginners and advanced programmers of all backgrounds -- we give tools and past experiences that can help anyone create a cool project that you'll be proud of.,https://zoom.us/j/92156975129?pwd=aHFGTFBnbmlHbkQwMnZzU284cHkwUT09,none,none
Competitive Investment Club (CIC) ,"Competition, STEM, Leisure, Teamwork, Food","The Competitive Investment Club (CIC), promotes learning about investing and trading equity through competition. Students learn about the economy by participating in a stock market simulation and compete to learn and make the most profit.",n,https://forms.gle/uzfd9r3rQXbfzuKr8,"Learning about stocks, expanding their portfolios, highlighting potential investment opportunities, talking with each other, and getting the experience of the real stock market.","People should join because they get an experience identical to the real stock market, can win real prizes, and have fun through competition.",https://zoom.us/j/94712167569?pwd=OWFwV05zRHQxK0lUUFl2cVlQbjlCdz09,none,none
National Art Honors Society (NAHS) ,"Art, Helping Others, Community, Outreach, Teamwork ","We'll have meetings every Friday during lunch and expect members to volunteer through activities like the art auction, participation in refugee portrait project and the color run. ",y,https://forms.gle/ZVJb6FgMB1AFEmTi7,"You'll get to make art to sell at the school wide art auction, paint musical sets, create and send portraits of children refugees, face-paint in the color run and many more!  ",You get volunteering hours from doing something you love to do & can make positive impact in the community! You'll also get to meet new friends that shares passion for art and feel a sense of belonging in the art community! ,https://us02web.zoom.us/j/84890073786?pwd=Tm5JUFJyS0FzVGkrZUZMcDQ4anlpQT09,none,none
The Passion Project,"Helping Others, Education, Leadership, Community, Outreach",The function of The Passion Project club is to provide free activities to students from grades K-8. High schoolers who volunteer will be able to document service hours for teaching others what they love doing. ,y,https://forms.gle/gzXT7AtUqhKR8rRk7,"Club members will get the opportunity to earn volunteer hours by teaching classes (online for now) to younger students. During club meetings, members will develop their lesson plans, and be a part of a section that focuses specifically on either outreach, planning the annual summer camp, or coordinating weekly activities and tutoring programs.","This club provides a unique opportunity for high schoolers to share their passions with children from all over the globe. High schoolers will be able to earn volunteer hours while being able to hone their leadership skills. The Passion Project’s classes are a highlight of the day for many children, so teaching can be a really rewarding experience because you can bring a smile to someone’s face during these turbulent times.",https://us04web.zoom.us/j/71971756886?pwd=ZmVuNGxicnpROW44T25FQnBvTGNDZz09,none,none
Quiz Bowl Club,"Competition, Teamwork, Creative, Education, Leisure",Promote quiz bowl participation and practice for tournaments.,y,https://docs.google.com/spreadsheets/d/1c6YiuzyS-yQvJ2NscC16E0THdKwEvkXAO9Lk1rbvJYI/edit?usp=sharing,Practice trivia questions and go to online tournaments,"If you're interested in trivia and enjoy competition, quiz bowl is a fun way to demonstrate your intelligence.",https://us04web.zoom.us/j/9430099567?pwd=ai81T0p5c1BLMEVJSHZneit1TTBKUT09,none,none
InspireAI,"Coding, STEM, Education, Design, Community",To teach students how to code with AI and deep learning in order to develop interesting and unique projects,y,https://forms.gle/NxjcWyPi9wLKt5vq6,Club members will learn the basics of machine and deep learning and spend meetings creating fun projects to apply these skills.,"AI is very rarely taught in high school but is really important in the real world, so by joining they can get early exposure to this really interesting field!",https://us02web.zoom.us/j/85127430923?pwd=NlFnbmptTzZVUmV4cE95K0sxaHFtdz09,none,none
Learning ASL Club,"Health/Disabilities, Community, Awareness, Outreach, Helping Others",ASL club is open to anyone who wants to learn how to sign (which is especially useful in times like these with everyone using masks). We we learn ASL together through watching videos and other activities. ,y,https://forms.gle/VG1ipQtRPb42eRFu5,"The club members will be taught how to sign. Starting with the basics, members will progress to learn how to sign about any other topics they want. Members will be taught live by some officers, and they will also be taught through professional videos. Once members are good enough, we will have conversations signing and have games that involve only signing. ","Join ASL if you've always wanted to learn how to sign, or communicate with other people without using words! Now would especially be a good time learning sign for the deaf community since everybody is wearing masks and the deaf can't read lips now. ASL club will have fun ways of learning signing and anything you want to learn in sign language!",https://zoom.us/j/2331276377?pwd=elh4N2s1MXp2N1FXTGZ5VmVKTWFsUT09,none,none
Aerospace Club,"Design, STEM, Community, Creative, Education",The Aerospace Club is for people who are interested in aerospace and would like to learn about it and/or teach others about it. ,n,https://forms.gle/gua7s3rseZor9A5z8,Working on building or talking about various aerospace topics,"- Very relaxed, includes enough time to eat lunch <br>- Things that fly are cool ",https://zoom.us/j/2829722937?pwd=MEY2NitENTZyZmxCckR6bmRYT01CQT09,none,none
CodeSV,"STEM, Coding, Education, Design, Creative",Our club plans to organize our free summer coding camps and recruit other students to help teach at these camps.   ,y,https://forms.gle/TTAgdzMFL8rhoP4E8,- Help organize the camps by giving input on what classes should be taught<br>- Learn what they need to know to be successful teachers during the summer camps ,"- Help students learn to code, gain volunteer experience, and develop your own coding skill through teaching!",https://zoom.us/j/95547996553?pwd=SHAzL1kwTmcyYm1PdkdzNVNLNUZ6dz09,none,none
Interact,"Community, Leadership, Helping Others, Outreach, Awareness","To empower high schoolers to lead effectively through various community service opportunities, while fundraising for district wide projects",y,https://forms.gle/smWcNhV3cndTUynw8,"During our meetings, we will be doing fun service projects and bonding with club members.",You get to volunteer with your friends and meet people from all over the bay area at district wide events.,https://zoom.us/j/4947938884?pwd=QlBiYTcwczJ5cVg0elZkTVpIN08xZz09,none,none
Math Club,"STEM, Education, Competition, Teamwork, Community","To help students foster interest in math outside the classroom through lectures, discussions and competitions. ",y,https://forms.gle/vRc7Mc8RgZRAxSr66,- Learn and discuss math!<br>- Solve interesting problems,"- Topics are often not taught in classrooms, lectures are accessible to all levels of mathematical experience<br>- Math is inherently beautiful<br>- Competitions are fun and rewarding <br>- Developing problem solving skills is immensely useful",https://zoom.us/j/94095007228?pwd=WGlNRURUZHM2UzdiSUt0eVdYZ09SQT09,none,none
Chess Club,"Sports, Teamwork, Community, Leisure, Creative","We want everyone to join chess club to hang out with some friends and play some games. Whether its Bug house (4 people) or Bullet (30 second games), we want everyone to have fun with it and be creative. ",y,https://docs.google.com/forms/d/e/1FAIpQLSeKZddSaHp1dwrvXytCj4akBQdpJC8JMWUVU6nEnp1h3qsWPw/viewform?usp=sf_link,"Club members would try to organize online events as much as possible. We would like a safe return for everyone and there is not rush in terms of meeting in a room when we can have a safe learning environment at home. We have also tested online chess club via a discord server for 2 years and it has worked perfectly. For now, we want to gather people to the club and get as many people as possible.","People should join as chess is a game of skill in creative thinking as well as forethought. It is really impressive and is very fun! At the end of the day, it's a game.",https://zoom.us/j/95796374225?pwd=WWM0cWZYZitkRkdkWCtTTVRmYlU0dz09,none,none
Fellowship of Christian Athletes,"Sports, Leisure, Cultural, Helping Others, Community","To present to athletes and coaches , and all whom they influence, the challenge and adventure of receiving Jesus Christ as Savior and Lord, serving Him in their relationships and in the fellowship of the church.",n,https://docs.google.com/spreadsheets/d/1siknn3MN1aXQ1C-uqdZjBV1y4xymFvXPsUhhdtUXKo4/edit?usp=sharing,"They will be partaking in meetings in which we discuss topics and do devotionals to see how certain biblical ideals can connect to athletics. There are also some outreaches, though, due to COVID, is not likely, that host sports events and personal anecdotes to help reach out to the general public.","It is a unique take on christianity, and the system of FCA goes international and is a great place for others to meet new people and to be introduced to christianity, and how it meshes in with athletics. ",https://us02web.zoom.us/j/3288049393,none,none
Culinary Club,"Food, Community, Creative, Education, Leisure",To provide an environment in which brand-new and seasoned chefs alike can have fun in the kitchen.,y,https://forms.gle/ZVxKAkeZdACcZ9Ra7,Cook and bake together<br>Learn about cooking fundamentals<br>Eat the delicious food we make,"If you like food, you should join. Simple as that.",none,none,none
Environmental Club (Green Team),"Awareness, STEM, Outreach, Teamwork, Community",To foster a culture of environmental responsibility and sustainability at Los Altos High School and the local community through organizing both large scale and local events.,y,https://100023534.typeform.com/to/ku7tX71U ,"• Pursuing projects with local organizations, campus administration, other GT members<br>• Planning our Bay-Area wide annual Students for Green High School conference <br>• Improving our campus and community for the better!<br>","• You can make a tangible change! In past years we’ve helped reduce on-campus idling by 80%, encourage sustainable transportation by influencing parking permit policy, and unite over 28 Bay-Area environmental organizations in a day of idea-exchange and inspiration.<br>• Join our community and make new friends!<br>• Our world needs saving! And YOU can do something about it. <br>",https://us02web.zoom.us/j/87874286395?pwd=Q3J2eVdyeW1TS0dQWERnOTFiM3BCZz09,none,https://www.youtube.com/embed/gaqTNFqNkGA
Students for Haiti Solidarity,"Outreach, Education, Awareness, Community, Leadership","Students for Haiti Solidarity works closely with closely with people on the ground in Haiti to provide support for SOPUDEP, our sister school in Haiti, as well as working to fundraise money for the school. ",y,https://docs.google.com/forms/d/e/1FAIpQLSda5LUtpPJk4sgMo_B0XEMu_m2XHUJbEpe-68rvCJ-2OBNAnA/viewform?usp=sf_link,"During meetings, we will be planning and organizing fundraising events as well as any protests/demonstrations that we want to participate in. We also discuss any events that are happening in Haiti by watching videos and reading news articles. ","The money from our fundraising goes directly to Haitians to help children in Haiti achieve a better access to education and technology. Additionally, each year we hope to make a trip down to Haiti so that we are able to see what our fundraising money is going to and experience the amazing Haitian culture. ",https://us04web.zoom.us/j/76653306156?pwd=YldqMjFPMlQxek9OYXI0dTZvc1F5UT09,none,none
LAHS Esports,"Sports, Teamwork, Competition, STEM, Leisure",LAHS Esports is a welcoming gaming community for everyone interested in Esports. All skill levels are welcome and there are plenty of people to play with and against.,y,https://discord.gg/gUyQjjJ,"Club members have the opportunity to join teams based on their preference of game. Each team can set up playing against each other or other school. Additionally, there will be some competitions with various prizes.<br>",LAHS Esports is a welcoming gaming community for everyone interested in esports. All skill levels are welcome and there are plenty of people to play with and against.,https://zoom.us/j/97426140035?pwd=Z2JSMDR2eStTbEtTcmhiQlFwS2lqQT09,none,none
Amnesty International,"Awareness, Community, Outreach, Helping Others, Education ","To advocate for human rights and raise awareness about social injustices, both locally and abroad.",n,https://forms.gle/uVzwnSGeET28oXPq5 ,"1. Develop fundraisers and drive-based community service projects for human rights charities, 2. Collaborate on art installations in peaceful protest, 3. Discuss human-rights to raise awareness and broaden social context","Video 1: https://youtu.be/N3TA7mJqN08  <br>Video 2: https://youtu.be/O-YoJOuLXG4 <br>**Best described by two videos rather than a textbox. If there is only space for one, please include video 1. If videos are not allowed, please let me know and I will fix it right away!**",https://zoom.us/j/92394343486?pwd=M3BBVWFVdjFZbXh3QktHMzFwL3ZiUT09,none,none
Kpop and Anime Club,"Leisure, Community, Art, Music, Creative","To create a place where students can come together, go on adventures and share their interests in kpop and anime",y,https://forms.gle/28Hf7nTUwuEPpQ1r6,"During lunch on Fridays we hangout and talk about kpop and/or anime on a zoom call. We also play games, have tournaments, watch movies, dance and listen to music together. After quarantine we plan to go to event togethers and do other fun actives together like go to concerts, anime conventions, go rafting, make cupcakes, go to japan town, a trip to the beach, going on a speed boat, going to an escape room, paint ball, lazertag, going zip lining, indoor skydiving and so much more.",Everyone in our club is very nice and everyone has similar interests so theres lots of stuff to talk about but its a diverse group of people. Our activities are always very interesting and random so you'll never be bored.,https://us04web.zoom.us/j/76905023353?pwd=ZHl1R21IbzdHUG4weGhkSlZtTlBrZz09,none,none
Actively Aware,"Awareness, Outreach, Leadership, Community, Helping Others","Actively Aware is a local awareness club that works to inform our surrounding neighborhoods of current issues that would benefit from their help. Our efforts would go into having easily accessible information for resources of current issues including articles, links available for donations, and overall working to educate those around us on matters that need the attention through our online platforms and door to door distributions.",y,https://tinyurl.com/y2h65m6m,"- brainstorming:  current topics worthy of publication and updates, ways to display information, how to fundraise, etc.<br>- researching all aspects of decided topics<br>- putting together / organizing info on our door tags<br>- potentially writing articles",Knowledge is power! Actively Aware will provide our community members with direct information on how to help those in need and the larger our club is the more people our help can get to. Our club is an outlet for students to become more involved in their community and work towards building awareness. ,https://us02web.zoom.us/j/81739544870?pwd=VVBYenpqaDRsK25YT0Q4NG5sMkd4QT09,none,none
Team HBV,"Awareness, Community, Leadership, Diversity, Outreach",To educate and spread awareness about Hepatitis B and discuss the disproportionate cases of Hepatitis B among AAPI communities. ,y,https://forms.gle/Jb8KcR5NTsc2Qa878,Learning about Hepatitis B and how it affects the AAPI community.<br>Brainstorming and discussing ways to spread awareness of the Hepatitis B.<br>Preparing presentations when we do public speaking at local organizations in order to spread awareness.,The club is great for students interested in the sciences or pre-med. Participants will learn about diseases and have opportunities to develop and practice public speaking skills. ,https://mvla-net.zoom.us/j/95631855265,none,none
MVLA Speech and Debate,"Public Speaking, Leadership, Competition, Creative, Education","To promote public speaking skills, critical thinking, and global political awareness through practice and competition.",y,https://tinyurl.com/mvlasdmakeup,"Club members will improve speaking skills, learn the basics of debate and argumentation, improve writing and research skills, and so much more during our evening practices.","Members of the club get access to top-notch debate education, teaching/service/leadership opportunities, help with humanities skills, and competition opportunities. Not only that, but our goal is to enjoy the process and socialize with friends while improving our academic skills to apply to school classes such as writing, research, and presentation.",https://us02web.zoom.us/j/84836168381,none,none
Girl Up,"Diversity, Awareness, Helping Others, Leadership, Community",Girl Up's purpose is to educate and advocate for girls in third world countries as well as advocating for gender equality in our own community.,y,https://forms.gle/yHWGWiyTB4QTQ57X6,"- Advocating for women’s rights (petitions, creating infographics, etc.)<br>- Fundraising to support programs that give girls in developing countries<br>- Partnering with schools to encourage female youth to explore different career paths, especially in STEM",- Leadership and volunteer opportunities <br>- Creating a world where everyone has equal footing<br>- An opportunity to use your voice to support something you care about<br>- Creating a community with like<br>- Boosting confidence for all individuals ,https://zoom.us/j/93605430772?pwd=N2w1eHZBVnc2M2pEL0ZnWTF1ZHlnQT09Meeting,none,none
Mu Alpha Theta,"STEM, Education, Competition, Creative, Community",Our club provides a deeper understanding of mathematical proofs and gives members an opportunity to expand on their knowledge and improve their problem-solving skills in an open discussion setting.,y,https://forms.gle/3FoyoWCps8wb9f3KA,"Club members will actively participate in the various proofs, logic puzzles, etc. that will be presented by the co-presidents. Suggestions will also be taken for mathematical ideas to study and members may present a mathematical topic of their choice to the rest of the club (must be approved by co-presidents). We will be discussing ideas and methods to problem-solve. In addition, members may participate in math competitions held by Mu Alpha Theta.",Our club moves past the formulaic and calculation-based nature of most school math problems and looks deeper into ideas and proofs that require discussion and thinking. It lets members use their knowledge and problem-solving skills to advance their mathematical and logical reasoning.,https://zoom.us/j/93571632365?pwd=eHlDTURlRlFXNmFQV0t6TWlQS29wUT09,none,none
Philosophy Club,"Cultural, Education, Community, Awareness, Creative","This club works on developing critical thinking and reflection, as well as interpersonal communication. This can be engaged through discussions, readings, and outside opportunities offered through the club.",y,https://forms.gle/hyLq4DgsXd7QUNYi7,"Most of the class would be filled with discussions, and we might do some outside readings as well. We have some ideas for collaborative projects that extend philosophy's reach to other humanities. The way you'll think in philosophy club can be applied to everything in your life!","This club allows individuals to freely express ideas without judgment, and explore alternate theories of thinking. It's a place where intellectuals can discuss current or ancient topics, and instill and develop a philosophical and analytical way of thinking that can be carried throughout life.",https://us04web.zoom.us/j/5244466109?pwd=NnRUYTV3UHRDRDVqYklsODNrc2xoZz09,none,none
LAHS Volunteer Society ,"Helping Others, Community, Education, Outreach, Awareness",LAHS Volunteer Society aims to create a community centered around volunteering and create volunteering opportunities to high school students.,y,https://forms.gle/M4c1i4UWyrkWQ5fHA,"During club events, members will be volunteering in various facilities such as food shelters to assist them in the running of that facility. The focus of club events is the volunteering aspect, but it also includes meeting new people and learning about our community.",LAHS Volunteering Society creates a community around volunteering and allows members to pick when they want to volunteer. The club is a great way to help to make friends who have a similar passion of volunteering.,https://zoom.us/j/96519265464?pwd=a1d2cXg3MWhUQk42VFQySW5CNXZudz09,none,none
Competitive Programming Club,"Coding, STEM, Competition, Community, Education",To teach college-level algorithmic thinking and prepare individuals and teams for online and local competitive programming competitions. ,y,https://forms.gle/WPpYB9dZA4Xzhims7,- Listen to lectures on competitive programming<br>- Code!<br>- Ask for help on anything coding related<br>- Compete in competitions,"- USACO are a great way to demonstrate programming skill<br>- Competing with friends is fun!<br>- Interview problems of big tech companies (Google, Facebook, Apple, Amazon) are medium difficulty competitive programming problems. Club members can easily pass these technical interviews. ",https://zoom.us/j/98284924473?pwd=OGM4S01ZNVhCZi9xSTd3YTJiak9yQT09,none,none
Bike Club,"Sports, Creative, Community, Teamwork, Leisure","The function of this club is to get people to be motivated to ride their bikes and use bikes as a means of transportation to school and other places. We will teach others how to fix and maintain a bicycle,  bring awareness to the sport of cycling, and show people how much fun riding a bike is.",n,https://forms.gle/ygVFcgvaFcKJRpKx7,"Talking about bikes, more specifically answering questions about biking in general, teaching members how to perform bike fixes, showing cool routes that people can ride and enjoy.","Biking is a fun sport and a very good form of exercising. During COVID-19, this can be a form of exercise and a great way to get out of the house. The cycling community is extremely friendly and welcomes everyone regardless of the level of cycling. If you ever wanted to know how to fix your own bike, we have officers who are experienced bike mechanics that can help",https://zoom.us/j/99467221638?pwd=WFo1aUw4MzN0NWFxSExOSDZTdHpzZz09,none,none
InPrint,"Creative, Public Speaking, Community, Art, Leisure","InPrint is a club dedicated to reviewing books that aren't as well known, especially advanced copies.",y,https://forms.gle/6eD2PUiArVBHpjc27,Reviewing books and creating media around them<br>Helping us brainstorm ways to fundraise,"It's a really fun community and helps open you up to new genres, along with finding kindred spirits who also enjoy your genre of reading. ",https://zoom.us/j/96851273532,inprint,none
Model United Nations,"Public Speaking, Teamwork, Competition, Leadership, Education","To provide interested students with the ability to participate in Model UN conferences, both locally and nationally, which serve the purpose of simulating the real-life UN. Students will learn about and understand complex international issues, enhance oratory abilities, and collaborate to enact change.",y,https://forms.gle/N6cBoADRyTSfgDR77,"In meetings, we will prepare for conferences that occur on weekends and practice MUN skills. Members will have the opportunity to also sign up for conferences and participate in MUN with students from other school.",Members will be able to attend conferences locally and nationally where they develop critical thinking and diplomacy skills. They'll meet people from all over the world at conferences and work together to create solutions to the issues of today.,https://zoom.us/j/98953874347?pwd=dzBBRzg1ank1Kys5V0tvWWhaTlBZUT09,none,none
LAHS UNICEF,"Teamwork, Helping Others, Community, Creative, Awareness",Our goal is to make the world (and the Bay Area) a better place by creating a community where LAHS students can kickstart projects and fundraisers for causes they care about.,y,https://docs.google.com/forms/d/15zuQQ4LKRPvrB9mSdE5F9F72xTJAOrJHmOgag_Hqx4Y/edit,"Our meetings are tailored to each small team and the project they want to carry out. More details on our Club Day Zoom! If physical school returns this year, we are also known for our donut parties!",Anyone who's always wanted to solve a pressing problem will find a home here. We want to build a community based on doing and creating new things in a supportive environment.,https://zoom.us/j/95263536904?pwd=SjA1NTZCYmFVWUNDRi9TNkFyeWxYdz09,none,none
Los Altos Computer Science Club,"Coding, STEM, Education, Teamwork, Design","The function of this club is to help those who want to improve their Java skills; this will be especially helpful to those taking Intro to Computer Science and AP Computer Science! We cover everything that people learn in APCS, but we explain the material in more detail so that people can understand it better and do better on the AP test.",y,https://losaltoscompsci.carrd.co/,"Learning programming with Java, getting help on APCS homework, and having a place to ask their questions to prior APCS students!","You should join this club if A) you're currently taking APCS and/or B) you're interested in computer science! There's skills needed to join, and we'll provide you with all the knowledge to gain some basic coding skills. On top of these programming skills, you will gain analytic, organizational, and patience skills - certainly a worthy investment! These skills will help you through your academics as well as life in general. We will also help you if you have any questions as a CS student and provide you with content to guide you through APCS and Intro to CS.",https://zoom.us/j/94523170003?pwd=cDNkY1BoTHgzZ1ptM3JkNWFDVVZPdz09,none,none
LAHS Surfing Club,"Sports, Creative, Leisure, Community, Competition",Our goal is to create a welcoming community for anyone that is interested in learning how to surf. ,y,https://docs.google.com/forms/d/e/1FAIpQLSfYYQapm3jh-Q3I9agfnqfSNoMG6GM2j4021Sj2I9npqx1rFg/viewform,"During meetings we will plan future surf trips, share our favorite pre-surfing jams, watch surf clips, and get stoked on surfing. The trips will take place on weekends, so we can have plenty of time in the water.","This club is a perfect fit for anyone that is interested in learning to surf, and wants an epic group of friends to go with. Or, for anyone that just loves the water and wants to get out and explore something new.",https://zoom.us/j/3614901246?pwd=SGkyM2lJQno3RkJ5OGwycEphelhUQT09,none,none
Chinese Culture Club,"Cultural, Diversity, Outreach, Helping Others, Community",To promote interest in and enrich the community with Chinese language and culture.,n,https://forms.gle/X7swXzoNCjuv8fzC9,"1. Learning traditional Chinese arts and crafts (calligraphy, shan shui painting, paper cutting, paper folding) and dance, music, and musical instruments.<br>2. Contributing to community festivals (Chinese New Year, Lantern Festival, Mid-Autumn Festival) and community language-learning (tutoring Chinese, consulting on courses, translating).<br>3. Cooking authentic regional cuisine (dumplings, noodles).<br>4. Appreciating authentic Chinese material (navigating folk stories about mythical monsters, museums and their artifacts, maps, films, guest speakers who are masters in their fields)<br>5. Playing traditional Chinese games digitally (Chinese War Chess, Mahjong, “Fight the Landlord”). ","1. If you are interested in learning Chinese culture (but do not need to understand the Chinese-language): we will hold English sessions to introduce you to Chinese culture through activities such as the Moon Festival celebration, lantern-making, cooking dumplings, and watching Chinese films with English subtitles.<br>2. If you are interested in learning the Chinese language but do not have prior experience: we will offer you advice to get started learning Chinese based on our own experience.<br>3. If you are a current Chinese-language student seeking Chinese immersion outside the classroom: we will hold tutoring sessions where you may receive help on your Chinese classwork/homework and further your language skills engaging in conversations with native/fluent Chinese speakers.<br>3. If you are a fluent Chinese speaker interested in promoting the Chinese language and culture: we will offer you the platform to share your expertise with aspiring students.",https://zoom.us/j/95106441198?pwd=UXgwQWVjZVltMXpxS3ZMUlpXK0tqQT09,none,none
Dungeons and Dragons Club,"Leisure, Sports, Creative, Teamwork, Community",We want to create a space where people can learn and play D&D with their friends as well as meet new people who also love the game! <3,n,https://forms.gle/qVhstYqTyq4WvoT8A,Hang out and play Dungeons and Dragons with friends :),"Dungeons and Dragons is a really entertaining game to play, especially if you like fantasy RPGs and the likes. We're a pretty casual club and we have an eccentric and friendly community that loves to have fun and hang out",https://zoom.us/j/98872264222?pwd=NHY3SXdJL0czbVFIYmFtdEllMTdvQT09,none,none
girls. ,"Helping Others, Awareness, Outreach, Community, Teamwork",We help girls in Africa who are in need of sanitary products by donating through the IFRC.,n,https://docs.google.com/forms/d/e/1FAIpQLSfceF5JprRUYRE9PVjBuT_CPFSFSpiBOjhkj9cg8WgjDt1-ZQ/viewform ,"We would be thinking of ways to fundraise and donate to the IFRC.  Furthermore, we'd look into possibly finding ways to individually donate the products.  ",This club helps empower women and gives them a chance to volunteer through helping other girls.,https://zoom.us/j/8273290911?pwd=WCtZSjBNRklkK0lmeTNMQkRvR0pWdz09,none,none
RAINN ,"Diversity, Awareness, Community, Outreach, Helping Others",RAINN aims to raise awareness for sexual harassment and assault in our immediate community. It is a safe place for survivors to come forward to get more resources and help. ,y,https://docs.google.com/spreadsheets/d/1PGag0V3kkmyYG37xFLbbXzLG8p-Ajp3_QypJkQ00dlg/edit?usp=sharing,"Club members will help plan events such as - bracelet awareness, piñata smashing etc. As well as discuss current world issues regarding sexual assault awareness and feminism. ","This club will push one to talk about the taboo behind sexual assault and will also push one’s creative boundaries while planning events. Additionally, it will impart knowledge about sexual assault and abuse from all over the world and make one a better rounded global citizen. ",https://us02web.zoom.us/j/6117471645,none,none
Viva Venezuela,"Awareness, Cultural, Community, Leisure, Outreach","Viva Venezuela seeks to make our community more aware of the hardships faced by the Venezuelan people. In addition, we aim to collect and send much-needed medical supplies to Venezuela.",y,https://forms.gle/36GPKsM4w9TypRF78,Club members will learn about the Venezuelan culture and become more aware of the country's current socioeconomic crisis. Club meetings might be spent eating Venezuelan food or even planning fundraisers to aid Venezuelan hospitals. We are hoping to build a community of people inspired to make change while having a good time.,Very few people are aware of this third world country's crisis and those who join will help change that and provide aid to those in dire need of help! ,https://zoom.us/j/3482971078?pwd=VE1DWks2b1gzSFA4cXN0Z3d0Q3pUQT09,none,none
Card Club,"Leisure, Sports, Creative, Teamwork, Community",We'll play card games over online platforms and hang out on Zoom calls. ,n,https://docs.google.com/forms/d/e/1FAIpQLScb6SgNuNH9c2Z7wM0dlEQPRYNAfgppuJWbJuNT4VsZ4O1muw/viewform?usp=sf_link,Probably just mess around and have fun together. ,"Since we're doing distance learning, we don't get to hang out and eat lunch with each other anymore — this is just kind of a fun excuse for us to spend time together. ",https://zoom.us/j/9943531088?pwd=MWhSMURSYlF3bDdVVlcxQXN5RGYxQT09,none,none
Peace in the Middle East Club,"Awareness, Outreach, Community, Food, Cultural",To create a safe space for students to learn and advocate for issues pertaining to the Israeli-Palestinian conflict and other Middle Eastern issues in hopes of bridging peace between various ethnicities in our community.,y,https://forms.gle/KZJUKcs655GszwFE8,Club members will participate in discussions and advocacy surrounding these topics. They can also take part in our fundraisers and other school-wide activities.,"Middle Eastern issues are rarely addressed at Los Altos High School and in the Bay Area. Our club is unique in that we bring in guest speakers, have cultural events and engage in discussions around these important issues.",https://us02web.zoom.us/j/88509500210?pwd=SXVkSnBtNUZBY3MzcmhLbUVUbUlOZz09,none,none
Desks for Students,"Helping Others, Outreach, Teamwork, Community, Education","We aim to build desks for students in need in our community through fundraising, build-a-thons, desk drives",y,https://docs.google.com/forms/d/e/1FAIpQLSdOL2X0ma8jwT3DScLHtlD3P2ndD_oUUm7wJZfdm8lAgQN51A/viewform?usp=sf_link,"planning fundraisers, outreach, building desks at their homes","super hands on, you can see what you've fundraised for, help the community",https://zoom.us/j/96875823801?pwd=d0ZGVjBueWI1Vlh4TG15dVhJQzZIUT09,none,none
Video Game Modifications Club,"Coding, STEM, Creative, Teamwork, Leisure","In this club, we will be predominantly working with Java to make modifications to different video games. The club is open to anyone so coding experience does not matter.",y,https://docs.google.com/forms/d/e/1FAIpQLSdFdBFrNI0FfUhgYWlBVAuYcpQEMF345b5xxu-MsB_UF06Bjg/viewform?usp=sf_link,"During their time, club members should be brainstorming and coding modifications for video games. By the end of the year, they should have at least one functioning modification for a video game.",People should join this club if they want to advance their passion in video games to fit their personal preferences and to be able to collaborate with others.,https://zoom.us/j/93899449441?pwd=Z0pmZnFXVCtCWGdHQkZqRTM4NWFydz09,none,none
End Parkinson's LAHS,"Helping Others, Awareness, Outreach, Education, Community","Our club aims to fundraise, advocate, and educate others about Parkinson's Disease. Our mission is to contribute to efforts to end Parkinson's and support Parkinson's patients. We offer members opportunities to earn volunteer hours and a chance to help others.",y,https://docs.google.com/forms/d/e/1FAIpQLSdVkIFjewKrm0ZngPVTfCTs_IjqO4LjX2Vt5qWgwRTcWmKbqA/viewform?usp=sf_link,"Club members would help plan fundraisers, events, and also do meaningful activities like writing cards to Parkinson's patients.","People should join this club because it is a great way to earn volunteer hours, as well as contribute to a good cause. If you are compassionate and want to help others this is the perfect club for you! ", https://zoom.us/j/92134086594?pwd=dHRHV3FpTjQ5VFRrUnJ6UjR4QUxRdz09,none,none
PBO (Pro-Bono Organizations) ,"Helping Others, Community, Teamwork, Outreach, Creative",Helping our society by fundraising money for organizations that offer pro-bono legal aid and raising awareness for causes in need,y,https://docs.google.com/forms/d/1GtnTmv9xODZHGhSIOojFqqYDAxViV3m-pZck3DWa2TM/edit?usp=sharing,- Team building and educational activities    <br>- Fundraising for organizations  <br>- Help inform the school/public of the cause,Because it is an opportunity to help our community and meet expand knowledge on a variety of issues while developing new friendships. <br>,https://zoom.us/j/91242874452?pwd=Q0tKSHdtQUJCSkFiYlpoem1QbGhRUT09,none,none
LAHS Real Talk,"Public Speaking, Community, Awareness, Education, Cultural","Real Talk seeks to empower youth with the skills and language necessary to engage in political discussion with empathy, curiosity, and respect. Our proprietary curriculum works to strengthen members’ critical thinking, news literacy, and civil discourse skills.",y,https://docs.google.com/spreadsheets/d/1QR_pOJmVCLLGvvKZRtPcSn3DXC_FBk3EzX7XVyFXEDw/edit?usp=sharing,"Members will engage in current event analysis, roundtable discussions, and team debates. They will also have the opportunity to attend workshops and webinars with various politicians, journalists, academics, and educators.","Students should join if they want to engage in open political dialogue with their peers as well as learn about current events, how to analyze news, and how to participate in effective civil discourse. ",https://zoom.us/j/95348219476?pwd=cnRjc2JpNjNmWHdUWXQ5NEFjbk5yQT09,none,none
Chemistry Olympiad,"STEM, Competition, Education, Teamwork, Community",Chemistry Olympiad is an opportunity for students to further their chemistry knowledge beyond the classroom. The club aims to expand membership base by attracting students who may otherwise not have the opportunity. ,n,https://forms.gle/vqkrptb5BoHdu6M76,Club members will engage in chemistry concepts throughout the year by participating in lessons and activities to prepare for the Chemistry Olympiad competition. ,"Students will able to enrich their chemistry learning experience by engaging in an outside environment to expand their knowledge in other forms (apart from the classroom environment). Not only is it an opportunity for science enthusiasts to have fun with the subject, but it is a great opportunity for students with interests in other areas to get experience with competitions and team-based learning (students learning from students). ",https://zoom.us/j/2045378806?pwd=K0NaNXVPcW1rL0NJK2NHejVqU3pyUT09,none,none
Science Olympiad,"STEM, Teamwork, Competition, Education, Leisure",Science Olympiad aims to bring together students interested in STEM to prepare and compete in a regional Science Olympiad competition.,y,https://forms.gle/TWT9eTkB99zErVYr7,"During meetings, club members will connect with like-minded students who share a passion for STEM. They will be given the opportunity to learn about topics of their choice and compete with other students in the county. ","With a wide range of events, students are able to discover their interests by exploring different science fields while building a sense of community within the team. Students receive the unique experience of participating in an established science competition with their peers.",https://zoom.us/j/94417431628?pwd=OG1rUnJtL1VBU1h5bHBLdWJIUkpHZz09,none,none
Indian Students Association,"Culutral, Diversity, Community, Awareness, Leisure","The purpose of this organization is to foster a spirit of cooperation among students of Indian origin, to promote understanding and appreciation of Indian culture and philosophy among the campus community by organizing events, and to enable Los Altos students and the citizens of the Los Altos community to gain an appreciation for cultural diversity.
",y,https://forms.gle/4piWArScHcJ6V4u36,Club members would be helping organize events and be participating in service projects taking place throughout the year.,This club is new and is a great place for new projects to take place. The club will also spread ideas of Indian culture and philosophy throughout the community. It is also very laid back and fun group to be part of.,https://zoom.us/j/92446401061?pwd=Sit2VHd4ZmxRdk1MeVNrZVZnKzladz09,none,none
MediReach,"Outreach, Community, Awareness, Helping Others, STEM",MediReach serves to provide medical support to underprivileged and underserved individuals in our community who lack the resources to receive proper care.,n,https://docs.google.com/forms/d/1vcmDrp4ON-XXbRr-xhubfRxU1MQB4uvfzxL4AGuPAzQ/edit,- Creating medical care packages for local homeless shelters<br>- Fundraisers to provide financial support for patients <br>- Guest talks with medical professionals to hone in on the field you're interested in<br>- Cards for young hospital patients all over the country<br>- Educating kids at local elementary and middle schools on healthy lifestyle habits,Our club is cool because it combines medicine with community outreach so you're learning about the medical field while also helping those in need.,https://zoom.us/j/99051899678?pwd=SGprQzZLZ21lTnJsQzBIN25aMDZnZz09,none,none
Journal Club,"Creative, STEM, Community, Public Speaking, Education",Journal Club serves as a vehicle for introducing cutting-edge scientific literatures to the LAHS student body. Students interested in science and research analyze and summarize science papers in writing introductory articles; recent article topics include medication and diagnostic test for COVID. ,y,https://forms.gle/1cFk1ed2mqTNUzVF7,Members meet on a regular basis to critically evaluate recently published scientific literatures. Meetings are hosted based on topics selected throughout the school year; one is encouraged to not only discuss but also write journalism on the articles interpreted as a group. Sometimes we analyze data and graphs. Check out our past publications and sign up! ,"Reading science papers along could be frustrating, but collaborating with a group of peers and summarize articles for each other provides you a different approach. Students with all backgrounds are welcomed to join; if you might be interested or are interested in science, this is the place for you. There's no set ways in how one chooses to participate in -- reading our articles, join paper discussions, or write and present scientific topics you are fascinated by -- whatever you find fit. ",https://zoom.us/j/91778462902?pwd=am80U245OWxNQXJmV2pNRy81R3dpUT09,none,none
Girls Who Code Club,"STEM, Coding, Diversity, Education, Community","Girls Who Code Club seeks to close the gender gap in technology and provide a safe space for girls and nonbinary students to be educated, inspired, and equipped with computing skills that can help them in future endeavors. Members will complete multiple projects that span various coding languages, learn communication and teamwork skills, and be able to participate in  opportunities that can be included on their resumes. ",y,https://forms.gle/N5aeRivwEw2Uqim46,"Club meetings will include time for members to complete multiple projects that span various coding languages, be inspired by women who have contributed to the tech community, and learn industry skills.","Girls Who Code Club is a super fun, chill, and inclusive learning environment! You get to decide what projects you want to focus on and you may complete them at whatever pace you need. Absolutely no experience is necessary and any computer, including a school Chromebook, can be used.",https://zoom.us/j/99063176185?pwd=cHFGWWloVzdEYmhvcElJcUpPTFFydz09,none,none
Make A Birthday Wish,"Helping Others, Outreach, Awareness, Leisure, Community","Make A Birthday Wish plans and executes community birthday parties for low income children of all ages in the East Palo Alto area. For this year, our club will readjust to continue helping our targeted community in a safe manner.",y,https://docs.google.com/forms/d/e/1FAIpQLSf3yWJGCKwQF6pyDGG7x9EiPXad7oXAD29-ychUHZIRaLZFIA/viewform?usp=sf_link,"Club members will be learning about the needs of their community, helping brainstorm and plan ways to help the low income families, and, depending on the current situation, organize and participate in community birthday parties!","Our club allows members to learn more about their community, help children in their community receive more opportunities, and interact with them. It is a good way for people to help others locally while having fun organizing and throwing birthday parties!",https://zoom.us/j/95463019578?pwd=UWxBOTRUaWdtQWlVZ3RGdG5pSXRSZz09 ,none,none
Adventure Club,"Sports, Community, Teamwork, Leisure, Creative",To encourage students to have fun outdoors.,y,https://forms.gle/PHTK7nSbvc9FKo6N9,"Possibly going on hikes (that's what we did last year), but this year we'll have to think of new activities.","This club is great if you want to meet new people and possibly go outside to do some socially-distanced, mask-wearing activities.",https://meet.jit.si/DirectPhysiciansEmphasizeAlways ,none,none
LAHS De-Stress,"Community, Leisure, Art, Music, Helping Others","The purpose of the club is to help teens de-stress from school and/or work. In this club there will be a variety of activities such as meditation, yoga, making friendship bracelets, journals, de-stress lectures, etc. ",n,https://docs.google.com/forms/d/e/1FAIpQLSc_P4IgsGUmPUTYSkzuNl1rMVFDGVWcmxyKP7avJ3yivB0nGQ/viewform?usp=sf_link ,"Meditation, yoga, jounal-making, chalk art, drawing/doodling/coloring, making friendship bracelets, board games/camp games (maybe not because it's not in person), de-stress lectures, just talking",It's a fun way to spread positivity and isn't high maintenance either (you wouldn't have to do any work outside the meetings unless you're a club officer). It's also a nice break from school assignments and other things in students lives.,https://zoom.us/j/91544319903?pwd=VUNkVTUxZyt3MGp0WkY1SXpVRkVNUT09 ,none,none
Psychology Club,"Education, Community, Awareness, STEM, Creative","The psychology club aims to explore a variety of mental health topics and cognitive sciences. In addition, our club will seek to learn about different career paths that can be pursued through psychology.",y,https://docs.google.com/forms/d/e/1FAIpQLSd1wf4izo3l0ZA01TaVnK1u1RYVyZmplwx6KhdNRD0bZwK5lg/viewform?usp=sf_link,Explore different career directions psychology can take<br>Personality test<br>Guest speakers<br>Field trips/social events<br>Recreate famous experiments that people like Charles Darwin has done<br>Service animals<br>Therapy techniques<br>Dream analysis<br>Hypnosis<br>Overcoming phobias<br>Iq testing,The psychology club allows members to get more in touch with themselves and learn skills that could be of service to people around them.,https://zoom.us/j/92926334638?pwd=TXlxVFF5MFRFaHU5Rjk3SjBIVTR0Zz09,none,none
Teen Tutors,"Education, Community, Helping Others, STEM, Creative",Teen Tutors is a club that provides homework help to the local elementary and middle school students as well as reading comprehension workshops for children in partnership with the Los Altos Public Library.,n,https://teentutorslahs.wixsite.com/lahs ,"- Members will be tutoring these students and assisting children with their reading virtually, through Zoom","- This club is an incredible opportunity to help our your community with everything that we are going through! Children are bored at home and need help with their schoolwork, and you can be the one to help them out!",https://zoom.us/j/95867286740?pwd=ZUd4aXRVWVhQNGZYYkF1Nm5pVmw1dz09,none,none
Field Hockey,"Sports, Competition, Teamwork, Community, Leisure","Our field hockey team (club) strives to compete and honor the game in SCVAL athletics for LAHS, and to enrich athlete's lives with a combination of conditioning, skills training, competition and team activities.",n,https://lahs.mvla.net/Athletics/Fall-Sports/Field-Hockey/index.html,"Normally a fall sport. Varsity practices 6 days a week, JV practices 5 days a week. Both teams have games twice a week. We are a fall sport. We also run voluntary workouts and practice in spring and summer.","Field hockey is a wonderful, competitive sport. Our athletes learn fitness, toughness and play with a strong competitive spirit. All of the girls on both teams form friendships that last throughout their high school years.",none,none,none
Stand Up to Cancer ,"Health/Disabilities, Helping Others, Awareness, Teamwork, Outreach","The function of the club is to raise awareness and support cancer research through fundraisers, while also connecting directly with cancer patients. ",y,https://docs.google.com/forms/d/1gVsFfPaXIOYUfXTU5cL546FzDHrnckYMxFM-Cp7u97g/edit,"During club meetings, we plan future fundraisers and discuss ideas to better raise awareness on campus and in the community. Our activities focus on brightening cancer patients' days and include sending words of encouragement, creating paintings, and other projects. ","Not only do we support cancer research, but we also try to help people going through cancer on a personal level. If you are interested in making meaningful change in our local community and in the lives of those affected by cancer, please join!",https://zoom.us/j/93130019841?pwd=aVQzK2hGZkFUZXdlN1gzOHlzRGpJQT09,none,https://www.youtube.com/embed/qyaLMOVykeU
F.I.R.E.S. - Fire prevention Impact Respond Emergency preparedness Spread awareness,"Outreach, Awareness, Helping Others, Education, Community ","In the F.I.R.E.S. club, we aspire to educate and spread awareness about the California fires in addition to doing our part to help both ourselves and others prepare for, prevent, and respond to fires. ",y,https://docs.google.com/forms/d/e/1FAIpQLSdUWpmjwsv2T738ioMw86bVYa6QqzL_urHEgwH5mOxPZeMG6w/viewform ,"During our meetings, club members would be learning and spreading awareness about the California fires. Club members will also be looking at ways that they, as high school students, can help prevent, prepare for, and respond to fires.","Our club aims to make an impact on a major problem we are facing in California: wildfires. By joining this club, students can learn about and give back to the community by contributing to lessening the damage caused by fires.",https://zoom.us/j/99187671902?pwd=bkhMT3d0WXZibDU5Z0lmQ3c2a25Ydz09  ,none,none
Key Club,"Helping Others, Community, Leadership, Teamwork, Outreach","Key Club is a service and leadership organization, with an emphasis on building community with others.",y,https://forms.gle/fz5zaxEbJ3Np99Le7,Service projects during club meetings<br><br>Volunteer events and district and international Key Club events outside of school!,"Meet lots of new people from California, Nevada, and Hawaii<br><br>Be able to serve the community with your friends!",https://zoom.us/j/99570233117?pwd=b1VaSmoyZ3VWd3pHS2JmcU1QeDY2UT09,none,none
LAHS Hack Club,"Coding, STEM, Education, Teamwork, Design","Our club aims to encourage, inspire, and teach computer science and programming to LAHS students. No experience is required and we teach a range of subjects from web development to machine learning.",y,https://forms.gle/NCrjbDkKv7qvg5gR8,"Members can choose from one of four tracks: Web development, mobile development, game development, or python. Beginners with little to no programming experience are encouraged to take the python or web development tracks, and can later in the year if they choose to progress to other courses. <br>They can also help build websites for school clubs using their news skill and build a portfolio.","Whether programming has been something you’ve been doing for years, or you’ve just been curious about it, or don’t even know what it is, hack club gives you the opportunity to learn a new skill that is going to be heavily valued in the near future. Students can create a portfolio and gain access to many paid resources, including personal domains.",https://zoom.us/j/99401918686,hackS,none
Student Athlete Leadership Team,"Sports, Leadership, Community, Teamwork, Outreach","A place for Student-Athletes to develop leadership skills, discuss sports training and plan community-building projects. ",y,https://forms.gle/KECJC6JyqtmZzmvX7,"Club members will participate in sports training discussions, leadership building exercises, plan community events, and have workouts together. ",Students should join to connect with fellow Los Altos athletes and take an active role in community leadership.,https://us02web.zoom.us/j/2970966829?pwd=OEpmaFhmT1BPZTZzZmFMaGF2THdPZz09,none,none
Finance & Entrepreneurship Club ,"STEM, Leisure, Competition, Teamwork, Creative",The Finance & Entrepreneurship club helps students who want to learn more about the field of business and entrepreneurship experience things most start-ups go through and create a pitch to present their idea to others. We also encourage them to participate in the virtual entrepreneurship competitions. ,y,https://forms.gle/tvFb3jxgKw5YE86W6,They will be coming up with their own creative idea and will record a pitch presentation broadcasting their idea and the logistics behind it.  , We offer many competitions club members can attend. The majority of them include cash prices that anyone could win. All competitions are virtual. ,https://us02web.zoom.us/j/88479565539?pwd=TW0rSXpvSXZjMXNReG5oWUxFQXBhQT09,none,none
Jumpstart Mentor Club,"Helping Others, Outreach, Teamwork, Community, Education",We will be conducting meetings for the Jumpstart Mentor program and will brainstorm ideas along with discussing events.,n,https://docs.google.com/forms/d/e/1FAIpQLSesTeLtS58YGdQ3JMq6a81qIz0uvCiFT8QG-_R6VIHhfj-6OQ/viewform?usp=sf_link,Brainstorming future events/activities and discussing previous events/activities.,The jumpstart mentor program is a great opportunity to give back to the LAHS community and helps develop interpersonal skills.,https://zoom.us/j/93430904197?pwd=V0c0VFVuZktpRGdWOExZNENNcHdXdz09,none,none
Be Okay club ,"Health/Disabilities, Outreach, Awareness, Community, Leisure",The club is based on the idea that it is okay not be at your best 100% of the time and that it is important to enjoy and notice the small things everyday. We also want to normalize taking care of one's mental health as well as advocate for a variety of mental health issues.,y,https://forms.gle/akkTV2BsBbChMGyC8,Coming up with fun event ideas. Voicing their thoughts on how to publicize mental health issues. Coming up with mental health topics to address. Coming up with ways to deal with stress and pressure. ,The club takes a fun new twist on how to deal with mental health. The main goal of the club is to create a fun environment where people can destress and have something to get them through the rest of the day. You also get to learn about a variety of mental health issues and how to deal with them! ,https://zoom.us/j/91368876409?pwd=RU5KT2FUTWREN2RaYVRUekZuc3F6dz09,none,none
TEDxLAHS,"Public Speaking, Creative, Art, Community, Education","The TEDxLAHS club plans for the TEDx event at LAHS, a day in the spring when students and adults have the opportunity to give TED talks for our school. Members of this club help plan the event and find speakers!",n,https://docs.google.com/spreadsheets/d/1oHB8p5WuaKX3sxuGYqJhjQLcH4qtDv_QYcsfgmsRmCM/edit?usp=sharing,"Club members would help brainstorm what TEDx will look like this year, since we may not be able to have an in person event (we may host a webinar instead). Club members can also reach out to people who they feel would deliver a great TED talk for event day (students or adults).","People should join our club because it will further their leadership skills and give them an exciting event to plan for. We are always open to new ideas from club members, and it is very rewarding watching the event occur after much work, dedication, and creativity was put into it by the club members.",https://zoom.us/j/94003326736?pwd=eHplcFpvL09RM1FBb1NlT3hHZTQ4dz09,none,none
Red Cross Club,"Health/Disabilities, Outreach, Awareness, Community, Education","The Red Cross Club works as a subset of the American Red Cross, supporting their mission of humanitarian aid, and serves the community through service, education, and leadership. ",y,https://forms.gle/Kh8QX14xJJ19Aauv5,- Blood drives<br>- Fundraisers<br>- Disaster Preparedness<br>- CPR Certification<br>- Service Projects<br>- Disaster Relief<br>- Emergency Preparedness,- College and career skills<br>- Resume-building experience<br>- Networking opportunities with community leaders<br>- Service learning experiences<br>- Community service hours required for graduation<br>- Public speaking skills<br>- Leadership skills<br>- Volunteer experience and much more!,https://us04web.zoom.us/j/75525645171?pwd=UUxXREpia1pwMUxtTXE1R3NTSmZoUT09,none,none
March For Our Lives,"Helping Others, Public Speaking, Community, Education, Awareness","We want to bring awareness and make a difference to gun violence laws (or lack of laws) in our community. In this club we will spread awareness, attend city council meetings and marches, and raise money for this cause.",y,https://forms.gle/b1TZXt3hDepiB1gf6,"We would be planning city council meetings to attend, fundraisers, and marches to attend. We would also be educating ourselves and our school, on how we can make a difference.","Someone should join because we have the ability to make a difference in our community and save lives, which is a pretty awesome opportunity given to us.",none,none,none
Connect Club,"Cultural, Education, Community, Leisure, Art","To teach students common words and phrases of different languages every month, and to learn about different cultures.",n,https://forms.gle/knxeSNkEN7A6N7LbA,"Club members will play games, watch funny videos, and eat food (if we ever go back in person). Most importantly, you'll have fun!","While we are ""learning,"" it is a fun environment, and you can choose to participate as much as you want. We play fun games, at it's very low committment.",https://zoom.us/j/93289830292?pwd=SjRsYjc4QW8xTzJoUStESzUzWGZ3dz09,none,none
Girltelligence,"Helping Others, Diversity, Outreach, Health/Disabilities, Leadership",A club dedicated to empower girls and women. We will meet to discuss and take action on issues affecting girls and women as well as help girls using the Girltelligence app (all genders welcome)!,y,https://docs.google.com/forms/d/e/1FAIpQLScX08VQadyW1z3Fe0AgvvwrM7ux-gsneOHh5tuBLYpTfHBA-A/viewform?usp=sf_link,We will work on service projects to raise awareness on issues chosen by the club members. We will have discussions and talks from guest speakers as well. ,Feel free to bring in discussion topics and issues you are passionate about! You can email ahead to stay anonymous but it's totally a safe space. We will have guest speakers such as app creator and Stanford psychiatrist Naama Barnea-Goraly. , https://mvla-net.zoom.us/j/95223994836,none,none
French Club,"Cultural, Helping Others, Community, Art, Teamwork","French Club was created in hopes of sharing our appreciation of Francophone culture and the French language, in addition to raising funds for Doctors Without Borders.",y,https://forms.gle/aR1MkRUJ39FS3z748,"Learning about Francophone culture with fun and engaging activities, Helping us plan and run fundraisers and other events, Meeting new friends with similar interests, Learning fun new words in French, Helping us expand our membership and come up with ideas as a group!  **It is not required for students be enrolled in a French language class, ALL are welcome!","We are looking for new members, regardless of their knowledge of French or Francophone culture! We always have lots of good food, and throw multiple parties a year. We are also known across campus for our famous Nutella crêpe fundraisers!",https://us02web.zoom.us/j/82850922002?pwd=YkxnekFLOVZvc284UzhHUVNCQisyUT09,none,none
Junior State of America,"Public Speaking, Teamwork, Education, Leisure, Creative","JSA serves to highlight important political events and news in an open forum for debate, discussion, and thought. We welcome opinion across the political spectrum—everyone's thoughts mean something, and should be treated as such.",y,https://docs.google.com/forms/d/e/1FAIpQLSezAqSQ2XIKm7_B98y8ETxjEkWN5nwQkwXmi1-K0-zWS-hp7w/viewform,"Taking the role of national leaders in World Politics Simulations, discussing modern policy and politics, work out law in Congressional Simulations, have meaningful debate.","JSA is the largest student-run organization in the US. Our environment welcomes every political belief, and we seek to learn from what others believe. Not only are we able to seriously discuss heavy subjects, but we also have a bit of fun with simulation activities.",https://us04web.zoom.us/j/79420016067?pwd=VWQxU2tqOXgwMUh6dmQ3MVJmNnJ0UT09,none,none
Jewish Culture Organization,"Cultural, Food, Public Speaking, Leisure, Community","The club serves to increase understanding of Jewish culture, tradition, & current issue. Also to celebrate the unique elements of Israeli lifestyle, culture, and Jewish Tradition.",y,https://docs.google.com/forms/d/e/1FAIpQLScOd4PdZuWC-mRDyQ8IQR3ATKQ8AEDaqQ3joEfmWexNRjClIg/viewform?usp=sf_link,-Celebrating Jewish Holidays with good food and games.<br>-Engaging in the exciting elements of Israeli culture.,"-Fun activities with friends, and food at every meeting.<br>-Opportunity for leadership positions and new initiatives surrounding Jewish Culture",https://us04web.zoom.us/j/71041025125?pwd=RnUzMTMzeVVrUkM3NDlmNmFuWnBVZz09,none,none
Latino Student Union,"Community, Art, Music, Cultural, Leadership ","To spread appreciation for Latino culture, and awareness for problems facing the Latino world.",y,https://docs.google.com/spreadsheets/d/1nB56r5mvTKcL9-AHm6JMCAutRrXNOAg8PAQNtBjtxqw/edit?usp=sharing,"-Learning about culture from different Latino countries -Help planning events like Dia de Los Muertos, Homecoming decorating and parade ect. -Community building through activities  ","LSU is a community centered in Latino culture. LSU gives it's members the oppurtunity to appreciate their latino culture, or learn more about it.",https://zoom.us/j/91461483240,7trZJc,none
Idea Central,"Leadership, Creative, Education, Community, Leisure","To encourage everyone to pursue their own passion projects by learning the principles of business, marketing and design. Passion projects can be anything that makes an impact on the community.",y,https://forms.gle/3GxgQxFyq2ZdfWSh6,"- participating in business-related discussions and activities<br>- working on projects connected to your passion (ex: politics, fashion, food, video games, art, pretty much anything you're interested in)<br>- communicating with other club members on their projects<br>- having fun!",- you'll gain valuable experience in business/marketing design<br>- you'll join a diverse community of people pursuing different topics<br>- go as far as starting your own nonprofit or small business!,https://zoom.us/j/92985395263?pwd=TVUyclVMNlg1UTM0d3AxRFozTmlpdz09,none,none
Physics Club,"Design, Competition, STEM, Teamwork, Community",To inspire students to pursue physics and encourage them to explore and compete in this subject,y,https://docs.google.com/forms/d/e/1FAIpQLScXDjTijD5UfiCBbMBVtIO8SU1fwZEFQWUojk0BjKrsobntgg/viewform?usp=sf_link,"People would learn physics together, solve and discuss problems, seek help if needed, and connect with others interested in Physics.","It is an open club for all members and a great opportunity to strengthen math, science, and problem-solving skills. People can work together in an enriching environment and have fun. ",https://us04web.zoom.us/j/75680971932?pwd=dHAzTGxMbDR0RnYrZnRWdVRoZXpZZz09,none,none